record_id,source_index,name,source,old_display_name,repaired_display_name,old_diameter_km,rendered_diameter_raw,repaired_diameter_km,diameter_changed,diameter_source_verified,coordinate_status,coordinate_source_distance_km,analytical_include,duplicate_of_record_id,duplicate_resolution_note
astro_0000,0,Bowers,Wikipedia possible impact structures,Bowers,Bowers,100.0,100,100.0,False,True,verified_within_5_km,0.0,True,,
astro_0001,1,Burckle,Wikipedia possible impact structures,Burckle,Burckle,30.0,30?,30.0,False,False,verified_within_5_km,0.0,True,,
astro_0002,2,"Catalina structures (Navy, Catalina, Emery Knoll)",Wikipedia possible impact structures,"Catalina structures (Navy, Catalina, Emery Knoll): Catalina","Catalina structures (Navy, Catalina, Emery Knoll)",32.0,"12, 32, 37",32.0,False,False,verified_by_coordinate_alias_within_5_km,0.0,True,,
astro_0003,3,Eltanin,Wikipedia possible impact structures,Eltanin,Eltanin,35.0,35?,35.0,False,False,verified_within_5_km,0.042003394633074155,True,,
astro_0004,4,Falkland Plateau anomaly,Wikipedia possible impact structures,Falkland Plateau anomaly: Malvinas,Falkland Plateau anomaly,275.0,250-300,275.0,False,False,verified_within_5_km,0.0,True,,
astro_0005,5,Fried Egg structure,Wikipedia possible impact structures,Fried Egg structure: Fried Egg,Fried Egg structure,6.0,6,6.0,False,True,verified_within_5_km,0.0,True,,
astro_0006,6,Mount Ashmore dome,Wikipedia possible impact structures,Mount Ashmore dome,Mount Ashmore dome,50.0,>50,50.0,False,False,verified_within_5_km,0.0,True,,
astro_0007,7,Nadir,Wikipedia possible impact structures,Nadir,Nadir,8.5,≥8.5,8.5,False,False,verified_within_5_km,0.0,True,,
astro_0008,8,Ross,Wikipedia possible impact structures,Ross,Ross,600.0,600?,600.0,False,False,verified_within_5_km,0.0,True,,
astro_0009,9,Sakhalinka,Wikipedia possible impact structures,Sakhalinka,Sakhalinka,12.0,12,12.0,False,True,verified_within_5_km,0.0,True,,
astro_0010,10,Shiva,Wikipedia possible impact structures,Shiva,Shiva,500.0,500,500.0,False,True,verified_within_5_km,0.05105777909752047,True,,
astro_0011,11,Silverpit,Wikipedia possible impact structures,Silverpit,Silverpit,20.0,20,20.0,False,True,verified_within_5_km,0.037065026745121674,True,,
astro_0012,12,Tatarsky North,Wikipedia possible impact structures,Tatarsky North: Tatarsky1,Tatarsky North,14.0,14,14.0,False,True,verified_within_5_km,0.0004026651331500521,True,,
astro_0013,13,Tatarsky South,Wikipedia possible impact structures,Tatarsky South: Tatarsky2,Tatarsky South,20.0,20,20.0,False,True,verified_within_5_km,0.0003512431012393548,True,,
astro_0014,14,Wilkes Land 2,Wikipedia possible impact structures,Wilkes Land 2: Wilkes,Wilkes Land 2,480.0,480,480.0,False,True,verified_within_5_km,0.0,True,,
astro_0015,15,Talemzane,"Reimold & Koeberl (2014), Impact structures in Africa: A review, Journal of African Earth Sciences 93, Tables 2a–2b",Talemzane,Talemzane,1.75,1.75,1.75,False,False,pdf_source_preserved,,True,,
astro_0016,16,Bajada del Diablo,Wikipedia possible impact structures,Bajada del Diablo,Bajada del Diablo,40.0,40,40.0,False,True,verified_within_5_km,0.0459676058845841,True,,
astro_0017,17,Bajo Hondo,Wikipedia possible impact structures,Bajo Hondo,Bajo Hondo,3.9,3.9,3.9,False,True,source_has_no_coordinate,,True,,
astro_0018,18,General San Martín,Wikipedia possible impact structures,General San Martín: General San Martin,General San Martín,11.0,11,11.0,False,True,verified_within_5_km,0.0,True,,
astro_0019,19,La Dulce,Wikipedia possible impact structures,La Dulce,La Dulce,2.8,2.8,2.8,False,True,verified_within_5_km,0.0,True,,
astro_0020,20,Meseta de la Barda Negra,Wikipedia possible impact structures,Meseta de la Barda Negra: Barda Negra,Meseta de la Barda Negra,1.5,1.5,1.5,False,True,verified_within_5_km,0.046900162973071285,True,,
astro_0021,21,Acraman,Wikipedia confirmed impact structures,Acraman,Acraman,900.0,90,90.0,True,True,verified_within_5_km,0.03706502674441435,True,,
astro_0022,22,Amelia Creek,Wikipedia confirmed impact structures,Amelia Creek,Amelia Creek,200.0,20,20.0,True,True,verified_within_5_km,0.05072010154195816,True,,
astro_0023,23,Bedout,Wikipedia possible impact structures,Bedout,Bedout,250.0,250,250.0,False,True,verified_within_5_km,0.0,True,,
astro_0024,24,Cleanskin,Wikipedia confirmed impact structures,Cleanskin: Rochechouart,Cleanskin,15.0,15,15.0,False,True,verified_within_5_km,0.05112811294934722,True,,
astro_0025,25,Connolly Basin,Wikipedia confirmed impact structures,Connolly Basin: Rochechouart,Connolly Basin,9.0,9,9.0,False,True,verified_within_5_km,0.03706502674476801,True,,
astro_0026,26,Darwin Crater,Wikipedia possible impact structures,Darwin Crater,Darwin Crater,1.2,1.2,1.2,False,True,verified_within_5_km,0.0460973560130722,True,,
astro_0027,27,Deniliquin,Wikipedia possible impact structures,Deniliquin,Deniliquin,520.0,520,520.0,False,True,verified_within_5_km,0.00047787068190336757,True,,
astro_0028,28,Diamantina River ring feature,Wikipedia possible impact structures,Diamantina River ring feature: Winton crustal anomaly,Diamantina River ring feature,120.0,120,120.0,False,True,verified_within_5_km,0.0,True,,
astro_0029,29,Gnargoo,Wikipedia possible impact structures,Gnargoo,Gnargoo,75.0,75,75.0,False,True,verified_within_5_km,0.00043323442995074277,True,,
astro_0030,30,Gosses Bluff,Wikipedia confirmed impact structures,Gosses Bluff,Gosses Bluff,220.0,32,32.0,True,True,verified_within_5_km,0.03706502674476801,True,,
astro_0031,31,Lorne Basin,Wikipedia possible impact structures,Lorne Basin: Lorne,Lorne Basin,30.0,30,30.0,False,True,verified_within_5_km,0.0,True,,
astro_0032,32,Mulkarra,Wikipedia possible impact structures,Mulkarra,Mulkarra,17.0,17,17.0,False,True,verified_within_5_km,0.0,True,,
astro_0033,33,North Pole Crater,Wikipedia possible impact structures,North Pole Crater: North Pole,North Pole Crater,100.0,100,100.0,False,True,verified_within_5_km,0.000591701990497568,True,,
astro_0034,34,Shoemaker,Wikipedia confirmed impact structures,Shoemaker,Shoemaker,300.0,30,30.0,True,True,verified_within_5_km,0.04986119456560701,True,,
astro_0035,35,Strangways,Wikipedia confirmed impact structures,Strangways,Strangways,250.0,25,25.0,True,True,verified_within_5_km,0.035768362177694364,True,,
astro_0036,36,Tookoonooka,Wikipedia confirmed impact structures,Tookoonooka,Tookoonooka,66.0,66,66.0,False,True,verified_within_5_km,0.04962065139849341,True,,
astro_0037,37,Warburton East,Wikipedia possible impact structures,Warburton East: Warbuton,Warburton East,200.0,200,200.0,False,True,verified_within_5_km,0.0,True,,
astro_0038,38,Wolfe Creek,Wikipedia confirmed impact structures,Wolfe Creek,Wolfe Creek,0.9,0.9,0.9,False,True,verified_within_5_km,0.0005960502298615244,True,,
astro_0039,39,Woodleigh,Wikipedia confirmed impact structures,Woodleigh,Woodleigh,400.0,40,40.0,True,True,verified_within_5_km,0.03329963341761715,True,,
astro_0040,40,Yallalie,Wikipedia possible impact structures,Yallalie,Yallalie,12.0,12,12.0,False,True,verified_within_5_km,0.0005055486747279106,True,,
astro_0041,41,Yarrabubba,Wikipedia confirmed impact structures,Yarrabubba,Yarrabubba,300.0,30,30.0,True,True,verified_within_5_km,0.04961084209512609,True,,
astro_0042,42,Iturralde,Wikipedia possible impact structures,Iturralde,Iturralde,8.0,8.0,8.0,False,True,verified_within_5_km,0.05179217212371195,True,,
astro_0043,43,Jwaneng South,"Reimold & Koeberl (2014), Impact structures in Africa: A review, Journal of African Earth Sciences 93, Tables 2a–2b",Jwaneng South,Jwaneng South,1.3,1.3,1.3,False,False,pdf_source_preserved,,True,,
astro_0044,44,Araguainha,Wikipedia confirmed impact structures,Araguainha,Araguainha,400.0,40,40.0,True,True,verified_within_5_km,0.05131362318475877,True,,
astro_0045,45,Cerro do Jarau,Wikipedia possible impact structures,Cerro do Jarau: Cerro,Cerro do Jarau — Paraná,10.0,10,10.0,False,True,verified_within_5_km,0.032034368648707276,False,astro_0046,Possible-list Cerro do Jarau duplicates the confirmed-list record.
astro_0046,46,Cerro do Jarau,Wikipedia confirmed impact structures,Cerro do Jarau: Rochechouart,Cerro do Jarau — Rio Grande do Sul,13.5,13.5,13.5,False,True,verified_within_5_km,0.04899354929082518,True,,
astro_0047,47,Colonia,Wikipedia confirmed impact structures,Colonia: Rochechouart,Colonia,3.6,3.6,3.6,False,True,verified_within_5_km,0.03706502674476801,True,,
astro_0048,48,Piratininga,Wikipedia possible impact structures,Piratininga,Piratininga,12.0,12,12.0,False,True,verified_within_5_km,0.03706502674476801,True,,
astro_0049,49,Praia Grande,Wikipedia possible impact structures,Praia Grande: prai grande,Praia Grande,20.0,20,20.0,False,True,verified_within_5_km,0.03341245802441755,True,,
astro_0050,50,São Miguel do Tapuio,Wikipedia possible impact structures,São Miguel do Tapuio: Sao Miguel Do Tapuio,São Miguel do Tapuio,22.0,22,22.0,False,True,verified_within_5_km,0.005229173733114237,True,,
astro_0051,51,Tefé River,Wikipedia possible impact structures,Tefé River: Tefé,Tefé River,15.0,15,15.0,False,True,verified_within_5_km,0.0,True,,
astro_0052,52,Bloody Creek,Wikipedia possible impact structures,Bloody Creek,Bloody Creek,40.0,40,40.0,False,True,verified_within_5_km,0.02632303994077086,True,,
astro_0053,53,Bow City,Wikipedia possible impact structures,Bow City,Bow City,8.0,8,8.0,False,True,verified_within_5_km,0.04395013215236206,True,,
astro_0054,54,Brent,Wikipedia confirmed impact structures,Brent: Rochechouart,Brent,3.4,3.4,3.4,False,True,verified_within_5_km,0.045112637952708146,True,,
astro_0055,55,Carswell,Wikipedia confirmed impact structures,Carswell,Carswell,390.0,39,39.0,True,True,verified_within_5_km,0.0,True,,
astro_0056,56,Charity Shoal,Wikipedia possible impact structures,Charity Shoal,Charity Shoal,1.2,1.2,1.2,False,True,verified_within_5_km,8.881830442646676e-05,True,,
astro_0057,57,Charlevoix,Wikipedia confirmed impact structures,Charlevoix,Charlevoix,540.0,54,54.0,True,True,verified_within_5_km,0.03706502674441435,True,,
astro_0058,58,Clearwater East,Wikipedia confirmed impact structures,Clearwater East,Clearwater East,260.0,26,26.0,True,True,verified_within_5_km,0.03706502674370703,True,,
astro_0059,59,Clearwater West,Wikipedia confirmed impact structures,Clearwater West,Clearwater West,360.0,36,36.0,True,True,verified_within_5_km,0.03706502674370703,True,,
astro_0060,60,Corossol,Wikipedia possible impact structures,Corossol,Corossol,4.0,4,4.0,False,True,verified_within_5_km,0.023800152909915946,True,,
astro_0061,61,Couture,Wikipedia confirmed impact structures,Couture: Rochechouart,Couture,8.0,8,8.0,False,True,verified_within_5_km,0.03706502674441435,True,,
astro_0062,62,Dumas magnetic anomaly,Wikipedia possible impact structures,Dumas magnetic anomaly: Dumas,Dumas magnetic anomaly,3.2,3.2,3.2,False,True,verified_within_5_km,0.0,True,,
astro_0063,63,Hartney anomaly,Wikipedia possible impact structures,Hartney anomaly: Hartney,Hartney anomaly,8.0,8,8.0,False,True,verified_within_5_km,0.0,True,,
astro_0064,64,Haughton,Wikipedia confirmed impact structures,Haughton,Haughton,230.0,23,23.0,True,True,verified_within_5_km,0.03822700717520934,True,,
astro_0065,65,Hotchkiss,Wikipedia possible impact structures,Hotchkiss,Hotchkiss,4.0,4,4.0,False,True,verified_within_5_km,0.0,True,,
astro_0066,66,Jackpine Creek magnetic anomaly,Wikipedia possible impact structures,Jackpine Creek magnetic anomaly: Jackpine,Jackpine Creek magnetic anomaly,25.0,25,25.0,False,True,verified_within_5_km,0.0,True,,
astro_0067,67,Manicouagan,Wikipedia confirmed impact structures,Manicouagan,Manicouagan,1000.0,100,100.0,True,True,verified_within_5_km,0.03706502674441435,True,,
astro_0068,68,Merewether,Wikipedia possible impact structures,Merewether,Merewether,0.192,0.192,0.192,False,True,verified_within_5_km,0.0,True,,
astro_0069,69,Mistassini-Otish,Wikipedia possible impact structures,Mistassini-Otish: Mistassini lake,Mistassini-Otish,600.0,600,600.0,False,True,verified_within_5_km,0.0,True,,
astro_0070,70,Mistastin,Wikipedia confirmed impact structures,Mistastin,Mistastin,280.0,28,28.0,True,True,verified_within_5_km,0.03706502674441435,True,,
astro_0071,71,Montagnais,Wikipedia confirmed impact structures,Montagnais,Montagnais,450.0,45,45.0,True,True,verified_within_5_km,0.04595035095620917,True,,
astro_0072,72,Nastapoka (Hudson Bay) arc,Wikipedia possible impact structures,Nastapoka (Hudson Bay) arc: Hudson Bay,Nastapoka (Hudson Bay) arc,450.0,450,450.0,False,True,verified_within_5_km,0.020187060398726114,True,,
astro_0073,73,New Quebec/Pingualuit,Wikipedia confirmed impact structures,New Quebec/Pingualuit,New Quebec/Pingualuit,3.4,3.4,3.4,False,True,verified_within_5_km,1.605581206364909e-12,True,,
astro_0074,74,Presqu'île,Wikipedia confirmed impact structures,Presqu'île: Presqu'ile,Presqu'île,240.0,24,24.0,True,True,verified_within_5_km,0.03706502674441435,True,,
astro_0075,75,Saint Martin,Wikipedia confirmed impact structures,Saint Martin,Saint Martin,400.0,40,40.0,True,True,verified_within_5_km,0.043584350656794425,True,,
astro_0076,76,Slate Islands,Wikipedia confirmed impact structures,Slate Islands,Slate Islands,300.0,30,30.0,True,True,verified_within_5_km,0.037065026745121674,True,,
astro_0077,77,Steen River,Wikipedia confirmed impact structures,Steen River,Steen River,250.0,25,25.0,True,True,verified_within_5_km,0.018811922997608612,True,,
astro_0078,78,Sudbury,Wikipedia confirmed impact structures,Sudbury,Sudbury,1300.0,130,130.0,True,True,verified_within_5_km,0.02546691696352614,True,,
astro_0079,79,Tunnunik,Wikipedia confirmed impact structures,Tunnunik: Tunuunik,Tunnunik,250.0,25,25.0,True,True,verified_within_5_km,0.038710446289038775,True,,
astro_0080,80,Bangui,"Reimold & Koeberl (2014), Impact structures in Africa: A review, Journal of African Earth Sciences 93, Tables 2a–2b",Bangui,Bangui,600.0,≥600,600.0,False,False,pdf_source_preserved,,True,,
astro_0081,81,Faya Basin,"Reimold & Koeberl (2014), Impact structures in Africa: A review, Journal of African Earth Sciences 93, Tables 2a–2b",Faya Basin,Faya Basin,2.0,2,2.0,False,False,pdf_source_preserved,,True,,
astro_0082,82,Lac Iro,"Reimold & Koeberl (2014), Impact structures in Africa: A review, Journal of African Earth Sciences 93, Tables 2a–2b",Lac Iro,Lac Iro,13.0,13,13.0,False,False,pdf_source_preserved,,True,,
astro_0083,83,Mousso,"Reimold & Koeberl (2014), Impact structures in Africa: A review, Journal of African Earth Sciences 93, Tables 2a–2b",Mousso,Mousso,3.8,3.8,3.8,False,False,pdf_source_preserved,,True,,
astro_0084,84,Monturaqui,Wikipedia confirmed impact structures,Monturaqui,Monturaqui,0.455,0.455,0.455,False,True,verified_within_5_km,0.0002716838358015209,True,,
astro_0085,85,Duolun,Wikipedia possible impact structures,Duolun,Duolun,120.0,120 ± 50,120.0,False,False,verified_within_5_km,0.0,True,,
astro_0086,86,Lake Tai (Tai Hu),Wikipedia possible impact structures,Lake Tai (Tai Hu): Tai,Lake Tai (Tai Hu),70.0,70 ± 5,70.0,False,False,verified_by_coordinate_alias_within_5_km,0.048767418827858754,True,,
astro_0087,87,Shanghewan,Wikipedia possible impact structures,Shanghewan: Shangewan,Shanghewan,30.0,30,30.0,False,True,verified_within_5_km,0.04553148438642413,True,,
astro_0088,88,Xiuyan,Wikipedia confirmed impact structures,Xiuyan,Xiuyan,1.8,1.8,1.8,False,True,verified_within_5_km,0.0005283787501723433,True,,
astro_0089,89,Yilan,Wikipedia confirmed impact structures,Yilan,Yilan,1.85,1.85,1.85,False,True,verified_within_5_km,0.0004942003570543097,True,,
astro_0090,90,Vichada,Wikipedia possible impact structures,Vichada,Vichada,50.0,50,50.0,False,True,verified_within_5_km,0.0,True,,
astro_0091,91,Krk,Wikipedia possible impact structures,Krk,Krk,12.0,12,12.0,False,True,verified_within_5_km,0.0,True,,
astro_0092,92,Bohemian,Wikipedia possible impact structures,Bohemian,Bohemian,280.0,260-300,280.0,False,False,verified_within_5_km,0.0,True,,
astro_0093,93,Wembo-Nyama Ring Structure,Wikipedia possible impact structures,Wembo-Nyama Ring Structure,Wembo-Nyama Ring Structure,41.0,36-46,41.0,False,False,verified_within_5_km,0.00017455091724729075,True,,
astro_0094,94,Hiawatha,Wikipedia confirmed impact structures,Hiawatha,Hiawatha,310.0,31,31.0,True,True,verified_within_5_km,0.03706502674441435,True,,
astro_0095,95,El-Baz,Wikipedia possible impact structures,El-Baz,El-Baz,4.0,4,4.0,False,True,verified_within_5_km,0.0,True,,
astro_0096,96,Kebira,Wikipedia possible impact structures,Kebira,Kebira,31.0,31,31.0,False,True,verified_within_5_km,0.05008342951025632,True,,
astro_0097,97,Tarek,Wikipedia possible impact structures,Tarek,Tarek,2.1,2.1,2.1,False,True,verified_within_5_km,0.0,True,,
astro_0098,98,Ilumetsa,Wikipedia possible impact structures,Ilumetsa,Ilumetsa,0.08,0.08,0.08,False,True,verified_within_5_km,0.0,True,,
astro_0099,99,Keurusselkä,Wikipedia confirmed impact structures,Keurusselkä,Keurusselkä,300.0,30,30.0,True,True,verified_within_5_km,0.03706502674441435,True,,
astro_0100,100,Lappajärvi,Wikipedia confirmed impact structures,Lappajärvi,Lappajärvi,230.0,23,23.0,True,True,verified_within_5_km,0.0,True,,
astro_0101,101,Rochechouart,Wikipedia confirmed impact structures,Rochechouart,Rochechouart,230.0,23,23.0,True,True,verified_within_5_km,0.045178991234051474,True,,
astro_0102,102,Rochechouart impact structure,Wikipedia possible impact structures,Rochechouart impact structure: Rochechouart,Rochechouart impact structure,23.0,23,23.0,False,True,verified_within_5_km,0.00045177045599469333,False,astro_0101,Possible-list Rochechouart record duplicates the confirmed-list record.
astro_0103,103,Bateke Plateau,"Reimold & Koeberl (2014), Impact structures in Africa: A review, Journal of African Earth Sciences 93, Tables 2a–2b",Bateke Plateau,Bateke Plateau,7.1,≥7.1,7.1,False,False,pdf_source_preserved,,True,,
astro_0104,104,Nördlinger Ries,Wikipedia confirmed impact structures,Nördlinger Ries,Nördlinger Ries,240.0,24,24.0,True,True,verified_within_5_km,0.04436101993489206,True,,
astro_0105,105,Bosumtwi,"Reimold & Koeberl (2014), Impact structures in Africa: A review, Journal of African Earth Sciences 93, Tables 2a–2b",Bosumtwi,Bosumtwi,10.5,10.5,10.5,False,False,pdf_source_preserved,,True,,
astro_0106,106,Zerelia West,Wikipedia possible impact structures,Zerelia West,Zerelia West,20.0,20,20.0,False,True,verified_within_5_km,0.00038282919323942533,True,,
astro_0107,107,Maniitsoq,Wikipedia possible impact structures,Maniitsoq,Maniitsoq,100.0,100,100.0,False,True,verified_within_5_km,0.015517634368841023,True,,
astro_0108,108,Magyarmecske anomaly,Wikipedia possible impact structures,Magyarmecske anomaly: Magyarmecske,Magyarmecske anomaly,7.0,7,7.0,False,True,verified_within_5_km,0.0,True,,
astro_0109,109,Lonar,Wikipedia confirmed impact structures,Lonar,Lonar,1.8,1.8,1.8,False,True,verified_within_5_km,0.0005076582920103846,True,,
astro_0110,110,Ramgarh,Wikipedia possible impact structures,Ramgarh,Ramgarh,3.0,3,3.0,False,True,verified_within_5_km,0.00033306826023794947,True,,
astro_0111,111,Sirente,Wikipedia possible impact structures,Sirente,Sirente,10.0,10,10.0,False,True,verified_within_5_km,0.00036946814810719585,True,,
astro_0112,112,Mt. Oikeyama,Wikipedia possible impact structures,Mt. Oikeyama: Oikeyama,Mt. Oikeyama,90.0,90,90.0,False,True,verified_within_5_km,0.0,True,,
astro_0113,113,Takamatsu,Wikipedia possible impact structures,Takamatsu,Takamatsu,6.0,4-8,6.0,False,False,verified_within_5_km,0.0,True,,
astro_0114,114,Arganaty,Wikipedia possible impact structures,Arganaty,Arganaty,300.0,300,300.0,False,True,verified_within_5_km,0.0,True,,
astro_0115,115,Bigach,Wikipedia confirmed impact structures,Bigach,Bigach,8.0,8,8.0,False,True,verified_within_5_km,0.044445707799508224,True,,
astro_0116,116,Chiyli,Wikipedia confirmed impact structures,Chiyli: Rochechouart,Chiyli,5.5,5.5,5.5,False,True,verified_within_5_km,0.04428504813905538,True,,
astro_0117,117,Ishim,Wikipedia possible impact structures,Ishim: Ishim Akmola,Ishim,300.0,300,300.0,False,True,verified_within_5_km,0.0,True,,
astro_0118,118,Shiyli,Wikipedia possible impact structures,Shiyli,Shiyli,5.5,5.5,5.5,False,True,verified_within_5_km,0.037065026745121674,False,astro_0116,Possible-list Shiyli record duplicates the confirmed-list Chiyli record.
astro_0119,119,Zhamanshin,Wikipedia confirmed impact structures,Zhamanshin,Zhamanshin,14.0,14.0,14.0,False,True,verified_within_5_km,0.00024608442818662915,True,,
astro_0120,120,BP,"Reimold & Koeberl (2014), Impact structures in Africa: A review, Journal of African Earth Sciences 93, Tables 2a–2b",BP,BP,2.0,2,2.0,False,False,pdf_source_preserved,,True,,
astro_0121,121,Garet El Lefet,Wikipedia possible impact structures,Garet El Lefet,Garet El Lefet,3.0,3,3.0,False,True,verified_within_5_km,0.0,True,,
astro_0122,122,Ibn-Batutah,"Reimold & Koeberl (2014), Impact structures in Africa: A review, Journal of African Earth Sciences 93, Tables 2a–2b",Ibn-Batutah,Ibn-Batutah,2.5,2.5,2.5,False,False,pdf_source_preserved,,True,,
astro_0123,123,Jebel Hadid,"Reimold & Koeberl (2014), Impact structures in Africa: A review, Journal of African Earth Sciences 93, Tables 2a–2b",Jebel Hadid,Jebel Hadid,4.7,4.7,4.7,False,False,pdf_source_preserved,,True,,
astro_0124,124,Madagascar 3,Wikipedia possible impact structures,Madagascar 3: Madagascar,Madagascar 3,12.0,12,12.0,False,True,verified_within_5_km,0.0,True,,
astro_0125,125,Bukit Bunuh,Wikipedia possible impact structures,Bukit Bunuh,Bukit Bunuh,5.5,5–6,5.5,False,False,verified_within_5_km,0.0,True,,
astro_0126,126,Anefis,"Reimold & Koeberl (2014), Impact structures in Africa: A review, Journal of African Earth Sciences 93, Tables 2a–2b",Anefis,Anefis,3.0,3,3.0,False,False,pdf_source_preserved,,True,,
astro_0127,127,Ouro Ndia,"Reimold & Koeberl (2014), Impact structures in Africa: A review, Journal of African Earth Sciences 93, Tables 2a–2b",Ouro Ndia,Ouro Ndia,3.0,3,3.0,False,False,pdf_source_preserved,,True,,
astro_0128,128,El Mrayer,"Reimold & Koeberl (2014), Impact structures in Africa: A review, Journal of African Earth Sciences 93, Tables 2a–2b",El Mrayer,El Mrayer,2.0,2,2.0,False,False,pdf_source_preserved,,True,,
astro_0129,129,Temimichat,Wikipedia possible impact structures,Temimichat,Temimichat,0.7,0.7,0.7,False,True,verified_within_5_km,0.0,False,astro_0240,Wikipedia Temimichat duplicates the more explicit Reimold & Koeberl Temimichat Ghallaman record.
astro_0130,130,Tenoumer,"Reimold & Koeberl (2014), Impact structures in Africa: A review, Journal of African Earth Sciences 93, Tables 2a–2b",Tenoumer,Tenoumer,1.9,1.9,1.9,False,False,pdf_source_preserved,,True,,
astro_0131,131,Chicxulub,Wikipedia confirmed impact structures,Chicxulub,Chicxulub,1500.0,150,150.0,True,True,verified_within_5_km,0.03706502674476801,True,,
astro_0132,132,Jalapasquillo,Wikipedia possible impact structures,Jalapasquillo,Jalapasquillo,1.2,1.2,1.2,False,True,verified_within_5_km,0.0,True,,
astro_0133,133,Tsenkher,Wikipedia possible impact structures,Tsenkher,Tsenkher — Mongolia,3.6,3.6,3.6,False,True,verified_within_5_km,0.0003646885415886853,True,,
astro_0134,134,Tsenkher,Wikipedia confirmed impact structures,Tsenkher,Tsenkher — Gobi-Altai,3.7,3.7,3.7,False,True,verified_within_5_km,0.0005541450112173208,True,,
astro_0135,135,Agoudal,"Reimold & Koeberl (2014), Impact structures in Africa: A review, Journal of African Earth Sciences 93, Tables 2a–2b",Agoudal,Agoudal,1.0,unknown; placeholder 1 km,1.0,False,False,pdf_source_preserved,,True,,
astro_0136,136,Roter Kamm,"Reimold & Koeberl (2014), Impact structures in Africa: A review, Journal of African Earth Sciences 93, Tables 2a–2b",Roter Kamm,Roter Kamm,2.5,2.5,2.5,False,False,pdf_source_preserved,,True,,
astro_0137,137,Mahuika,Wikipedia possible impact structures,Mahuika,Mahuika,20.0,20?,20.0,False,False,verified_within_5_km,0.0,True,,
astro_0138,138,Pantasma,Wikipedia possible impact structures,Pantasma,Pantasma,10.0,10,10.0,False,True,source_has_no_coordinate,,True,,
astro_0139,139,Arlit,Wikipedia possible impact structures,Arlit,Arlit,10.0,10,10.0,False,True,verified_within_5_km,0.0,True,,
astro_0140,140,Mjølnir,Wikipedia confirmed impact structures,Mjølnir,Mjølnir,400.0,40,40.0,True,True,verified_within_5_km,0.010340812806823918,True,,
astro_0141,141,Gatun,Wikipedia possible impact structures,Gatun: Gatun structure,Gatun,3.0,3,3.0,False,True,verified_within_5_km,0.0006945210326606558,True,,
astro_0142,142,Guarda Structure,Wikipedia possible impact structures,Guarda Structure: Guarda,Guarda Structure,30.0,30,30.0,False,True,verified_within_5_km,0.03706502674441435,True,,
astro_0143,143,Chukcha,Wikipedia confirmed impact structures,Chukcha: Rochechouart,Chukcha,6.0,6,6.0,False,True,verified_within_5_km,0.038188996278231115,True,,
astro_0144,144,El'gygytgyn,Wikipedia confirmed impact structures,El'gygytgyn,El'gygytgyn,18.0,18,18.0,False,True,verified_within_5_km,0.0,True,,
astro_0145,145,Kamensk,Wikipedia confirmed impact structures,Kamensk,Kamensk,250.0,25,25.0,True,True,verified_within_5_km,0.0,True,,
astro_0146,146,Kara,Wikipedia confirmed impact structures,Kara,Kara,650.0,65,65.0,True,True,verified_within_5_km,0.0,True,,
astro_0147,147,Karla,Wikipedia confirmed impact structures,Karla,Karla,10.0,10,10.0,False,True,verified_within_5_km,0.042751172706567774,True,,
astro_0148,148,Kurai Basin,Wikipedia possible impact structures,Kurai Basin: Kurai,Kurai Basin,20.0,20,20.0,False,True,verified_within_5_km,0.0,True,,
astro_0149,149,Labynkyr,Wikipedia possible impact structures,Labynkyr,Labynkyr,67.0,67,67.0,False,True,verified_within_5_km,0.0,True,,
astro_0150,150,Lake Cheko,Wikipedia possible impact structures,Lake Cheko: Cheko,Lake Cheko,50.0,50,50.0,False,True,verified_within_5_km,0.0,True,,
astro_0151,151,Logancha,Wikipedia confirmed impact structures,Logancha,Logancha,200.0,20,20.0,True,True,verified_within_5_km,0.04012190806990462,True,,
astro_0152,152,Middle-Urals Ring,Wikipedia possible impact structures,Middle-Urals Ring: Urals Ring,Middle-Urals Ring,475.0,400–550,475.0,False,False,verified_within_5_km,0.0,True,,
astro_0153,153,Popigai,Wikipedia confirmed impact structures,Popigai,Popigai,1000.0,100,100.0,True,True,verified_within_5_km,0.011668843830206173,True,,
astro_0154,154,Puchezh-Katunki,Wikipedia confirmed impact structures,Puchezh-Katunki,Puchezh-Katunki,400.0,40,40.0,True,True,verified_within_5_km,0.04221445612755146,True,,
astro_0155,155,Smerdyacheye Lake,Wikipedia possible impact structures,Smerdyacheye Lake: Smerdyacheye,Smerdyacheye Lake,20.0,20,20.0,False,True,verified_within_5_km,0.0,True,,
astro_0156,156,Svetloyar Lake,Wikipedia possible impact structures,Svetloyar Lake: Svetloyar,Svetloyar Lake,40.0,40,40.0,False,True,verified_within_5_km,0.0,True,,
astro_0157,157,Al Madafi,Wikipedia possible impact structures,Al Madafi,Al Madafi,6.0,6,6.0,False,True,verified_within_5_km,0.0,True,,
astro_0158,158,Velingara,"Reimold & Koeberl (2014), Impact structures in Africa: A review, Journal of African Earth Sciences 93, Tables 2a–2b",Velingara,Velingara,48.0,48,48.0,False,False,pdf_source_preserved,,True,,
astro_0159,159,Morokweng,"Reimold & Koeberl (2014), Impact structures in Africa: A review, Journal of African Earth Sciences 93, Tables 2a–2b",Morokweng,Morokweng,75.0,75,75.0,False,False,pdf_source_preserved,,True,,
astro_0160,160,Tswaing,"Reimold & Koeberl (2014), Impact structures in Africa: A review, Journal of African Earth Sciences 93, Tables 2a–2b",Tswaing,Tswaing,1.13,1.13,1.13,False,False,pdf_source_preserved,,True,,
astro_0161,161,Vredefort,"Reimold & Koeberl (2014), Impact structures in Africa: A review, Journal of African Earth Sciences 93, Tables 2a–2b",Vredefort,Vredefort,250.0,≥250,250.0,False,False,pdf_source_preserved,,True,,
astro_0162,162,Jeokjung-Chogye Basin,Wikipedia confirmed impact structures,Jeokjung-Chogye Basin,Jeokjung-Chogye Basin,8.0,8,8.0,False,True,verified_within_5_km,0.0005335333162166696,True,,
astro_0163,163,Alhama de Almería,Wikipedia confirmed impact structures,Alhama de Almería: Kara-Kul,Alhama de Almería,22.0,22,22.0,False,True,verified_within_5_km,0.0474428726819681,True,,
astro_0164,164,Azuara,Wikipedia possible impact structures,Azuara,Azuara,37.5,35-40,37.5,False,False,verified_within_5_km,0.04640634151672915,True,,
astro_0165,165,Rubielos de la Cérida,Wikipedia possible impact structures,Rubielos de la Cérida: Rubielos,Rubielos de la Cérida,80.0,80x40,80.0,False,False,verified_within_5_km,0.0,True,,
astro_0166,166,Sudan 1 ( Red Sea Hills ),Wikipedia possible impact structures,Sudan 1 ( Red Sea Hills ): Red Sea,Sudan 1 ( Red Sea Hills ),6.0,6,6.0,False,True,verified_by_coordinate_alias_within_5_km,0.003706502674017041,True,,
astro_0167,167,Sudan 2 (Bayuda),Wikipedia possible impact structures,Sudan 2 (Bayuda): Bayuda,Sudan 2 (Bayuda),10.0,10,10.0,False,True,verified_within_5_km,0.005114314805371477,True,,
astro_0168,168,Sudan 3 (Mahas),Wikipedia possible impact structures,Sudan 3 (Mahas): Mahas,Sudan 3 (Mahas),2.8,2.8,2.8,False,True,verified_within_5_km,0.005085703300108446,True,,
astro_0169,169,Björkö,Wikipedia possible impact structures,Björkö,Björkö,10.0,10,10.0,False,True,verified_within_5_km,0.0,True,,
astro_0170,170,Lycksele 2,Wikipedia possible impact structures,Lycksele 2: Lycksele,Lycksele 2,130.0,130,130.0,False,True,verified_by_coordinate_alias_within_5_km,0.0,True,,
astro_0171,171,Siljan Ring,Wikipedia confirmed impact structures,Siljan Ring: Siljan,Siljan Ring,70.0,65–75,70.0,False,False,verified_within_5_km,0.041183058431704805,True,,
astro_0172,172,Ak-Bura ( Murgab ),Wikipedia possible impact structures,Ak-Bura ( Murgab ): Ak-Bura,Ak-Bura ( Murgab ),0.08,0.080,0.08,False,True,verified_by_coordinate_alias_within_5_km,0.00019603127753170762,True,,
astro_0173,173,Karakul,Wikipedia confirmed impact structures,Karakul,Karakul,520.0,52,52.0,True,True,verified_within_5_km,0.037065026745121674,True,,
astro_0174,174,Boltysh,Wikipedia confirmed impact structures,Boltysh,Boltysh,240.0,24,24.0,True,True,verified_within_5_km,0.0,True,,
astro_0175,175,Obolon',Wikipedia confirmed impact structures,Obolon',Obolon',200.0,20,20.0,True,True,verified_within_5_km,0.044173511044263425,True,,
astro_0176,176,Lairg Gravity Low,Wikipedia possible impact structures,Lairg Gravity Low,Lairg Gravity Low,40.0,40,40.0,False,True,verified_within_5_km,1.4146481319698977e-12,True,,
astro_0177,177,Loch Leven,Wikipedia possible impact structures,Loch Leven,Loch Leven,18.0,18x8,18.0,False,False,verified_within_5_km,0.020619111866350636,True,,
astro_0178,178,38th Parallel structures,Wikipedia possible impact structures,38th Parallel structures: Avon crater,38th Parallel structures — Avon crater,9.5,2-17,9.5,False,False,verified_within_5_km,0.0,True,,
astro_0179,179,38th Parallel structures,Wikipedia possible impact structures,38th Parallel structures: Crooked Creek crater,38th Parallel structures — Crooked Creek crater,9.5,2-17,9.5,False,False,verified_within_5_km,0.0,True,,
astro_0180,180,38th Parallel structures,Wikipedia possible impact structures,38th Parallel structures: Decaturville crater,38th Parallel structures — Decaturville crater,9.5,2-17,9.5,False,False,verified_within_5_km,0.0,True,,
astro_0181,181,38th Parallel structures,Wikipedia possible impact structures,38th Parallel structures: Hazelgreen crater,38th Parallel structures — Hazelgreen crater,9.5,2-17,9.5,False,False,verified_within_5_km,0.0,True,,
astro_0182,182,38th Parallel structures,Wikipedia possible impact structures,38th Parallel structures: Hicks Dome,38th Parallel structures — Hicks Dome,9.5,2-17,9.5,False,False,verified_within_5_km,0.0,True,,
astro_0183,183,38th Parallel structures,Wikipedia possible impact structures,38th Parallel structures: Rose Dome,38th Parallel structures — Rose Dome,9.5,2-17,9.5,False,False,verified_within_5_km,0.0,True,,
astro_0184,184,38th Parallel structures,Wikipedia possible impact structures,38th Parallel structures: Weaubleau-Osceola structure,38th Parallel structures — Weaubleau-Osceola structure,9.5,2-17,9.5,False,False,verified_within_5_km,0.0,True,,
astro_0185,185,Alamo bolide impact,Wikipedia possible impact structures,Alamo bolide impact: Alamo,Alamo bolide impact,100.0,100 ± 40,100.0,False,False,verified_within_5_km,0.0,True,,
astro_0186,186,Ames,Wikipedia confirmed impact structures,Ames: Rochechouart,Ames,16.0,16,16.0,False,True,verified_within_5_km,0.04762002171906512,True,,
astro_0187,187,Beaverhead,Wikipedia confirmed impact structures,Beaverhead,Beaverhead,600.0,60,60.0,True,True,verified_within_5_km,0.0,True,,
astro_0188,188,Bee Bluff,Wikipedia possible impact structures,Bee Bluff,Bee Bluff,2.4,2.4,2.4,False,True,verified_within_5_km,0.0,True,,
astro_0189,189,Brushy Creek Feature,Wikipedia possible impact structures,Brushy Creek Feature,Brushy Creek Feature,2.0,2.0,2.0,False,True,source_has_no_coordinate,,True,,
astro_0190,190,Calvin,Wikipedia confirmed impact structures,Calvin: Rochechouart,Calvin,8.5,8.5,8.5,False,True,verified_within_5_km,0.046226530295839244,True,,
astro_0191,191,Chesapeake Bay,Wikipedia confirmed impact structures,Chesapeake Bay,Chesapeake Bay,400.0,40,40.0,True,True,verified_within_5_km,0.047365874426652334,True,,
astro_0192,192,Cloud Creek,Wikipedia confirmed impact structures,Cloud Creek: Rochechouart,Cloud Creek,7.0,7,7.0,False,True,verified_within_5_km,0.03706502674441435,True,,
astro_0193,193,Decorah,Wikipedia possible impact structures,Decorah,Decorah,5.6,5.6,5.6,False,True,verified_within_5_km,0.00021815058336133406,True,,
astro_0194,194,Hico,Wikipedia possible impact structures,Hico,Hico,9.0,9,9.0,False,True,verified_within_5_km,0.0,True,,
astro_0195,195,Howell,Wikipedia possible impact structures,Howell,Howell,2.5,2.5,2.5,False,True,verified_within_5_km,0.0,True,,
astro_0196,196,Jeptha Knob,Wikipedia possible impact structures,Jeptha Knob,Jeptha Knob,4.3,4.3,4.3,False,True,verified_within_5_km,0.047144857752305556,True,,
astro_0197,197,Johnsonville,Wikipedia possible impact structures,Johnsonville: Snows Island,Johnsonville,11.0,11,11.0,False,True,verified_within_5_km,0.04818829139565889,True,,
astro_0198,198,Kilmichael,Wikipedia possible impact structures,Kilmichael,Kilmichael,13.0,13,13.0,False,True,verified_within_5_km,0.0,True,,
astro_0199,199,Manson,Wikipedia confirmed impact structures,Manson,Manson,350.0,35,35.0,True,True,verified_within_5_km,0.037065026745121674,True,,
astro_0200,200,Meteor/Barringer,Wikipedia confirmed impact structures,Meteor/Barringer,Meteor/Barringer,1.2,1.2,1.2,False,True,verified_within_5_km,0.00020234456688481234,True,,
astro_0201,201,Panther Mountain,Wikipedia possible impact structures,Panther Mountain,Panther Mountain,10.0,10,10.0,False,True,verified_within_5_km,0.0,True,,
astro_0202,202,Peerless,Wikipedia possible impact structures,Peerless,Peerless,6.0,6,6.0,False,True,verified_within_5_km,0.0,True,,
astro_0203,203,Sithylemenkat Lake,Wikipedia possible impact structures,Sithylemenkat Lake: Sithylemenkat,Sithylemenkat Lake,12.0,12,12.0,False,True,verified_within_5_km,0.00013328542379592933,True,,
astro_0204,204,Toms Canyon,Wikipedia possible impact structures,Toms Canyon,Toms Canyon,22.0,22,22.0,False,True,verified_within_5_km,0.03706502674441435,True,,
astro_0205,205,Versailles,Wikipedia possible impact structures,Versailles,Versailles,1.5,1.5,1.5,False,True,verified_within_5_km,0.0,True,,
astro_0206,206,Victoria Island,Wikipedia possible impact structures,Victoria Island: Victoria Island structure,Victoria Island,5.5,5.5,5.5,False,True,source_has_no_coordinate,,True,,
astro_0207,207,Weaubleau (Weaubleau-Osceola),Wikipedia possible impact structures,Weaubleau (Weaubleau-Osceola): Weaubleau,Weaubleau (Weaubleau-Osceola),19.0,19,19.0,False,True,verified_within_5_km,0.0,True,,
astro_0208,208,Woodbury,Wikipedia possible impact structures,Woodbury,Woodbury,7.0,7,7.0,False,True,verified_within_5_km,0.0,True,,
astro_0209,209,Amguid,"Reimold & Koeberl (2014), Impact structures in Africa: A review, Journal of African Earth Sciences 93, Tables 2a–2b",Amguid,Amguid,0.45,0.45,0.45,False,False,pdf_source_preserved,,True,,
astro_0210,210,Aorounga,"Reimold & Koeberl (2014), Impact structures in Africa: A review, Journal of African Earth Sciences 93, Tables 2a–2b",Aorounga,Aorounga,16.0,16,16.0,False,False,pdf_source_preserved,,True,,
astro_0211,211,Aouelloul,"Reimold & Koeberl (2014), Impact structures in Africa: A review, Journal of African Earth Sciences 93, Tables 2a–2b",Aouelloul,Aouelloul,0.39,0.39,0.39,False,False,pdf_source_preserved,,True,,
astro_0212,212,Gweni Fada,"Reimold & Koeberl (2014), Impact structures in Africa: A review, Journal of African Earth Sciences 93, Tables 2a–2b",Gweni Fada,Gweni Fada,22.5,22–23,22.5,False,False,pdf_source_preserved,,True,,
astro_0213,213,Kalkkop,"Reimold & Koeberl (2014), Impact structures in Africa: A review, Journal of African Earth Sciences 93, Tables 2a–2b",Kalkkop,Kalkkop,0.64,0.64,0.64,False,False,pdf_source_preserved,,True,,
astro_0214,214,Kamil,"Reimold & Koeberl (2014), Impact structures in Africa: A review, Journal of African Earth Sciences 93, Tables 2a–2b",Kamil,Kamil,0.045,0.045,0.045,False,False,pdf_source_preserved,,True,,
astro_0215,215,Kgagodi Basin,"Reimold & Koeberl (2014), Impact structures in Africa: A review, Journal of African Earth Sciences 93, Tables 2a–2b",Kgagodi Basin,Kgagodi Basin,3.4,3.4,3.4,False,False,pdf_source_preserved,,True,,
astro_0216,216,Luizi,"Reimold & Koeberl (2014), Impact structures in Africa: A review, Journal of African Earth Sciences 93, Tables 2a–2b",Luizi,Luizi,17.0,17,17.0,False,False,pdf_source_preserved,,True,,
astro_0217,217,Oasis,"Reimold & Koeberl (2014), Impact structures in Africa: A review, Journal of African Earth Sciences 93, Tables 2a–2b",Oasis,Oasis,30.5,25–36,30.5,False,False,pdf_source_preserved,,True,,
astro_0218,218,Ouarkziz,"Reimold & Koeberl (2014), Impact structures in Africa: A review, Journal of African Earth Sciences 93, Tables 2a–2b",Ouarkziz,Ouarkziz,3.5,3.5,3.5,False,False,pdf_source_preserved,,True,,
astro_0219,219,Tin Bider,"Reimold & Koeberl (2014), Impact structures in Africa: A review, Journal of African Earth Sciences 93, Tables 2a–2b",Tin Bider,Tin Bider,6.0,6,6.0,False,False,pdf_source_preserved,,True,,
astro_0220,220,Azenak structures,"Reimold & Koeberl (2014), Impact structures in Africa: A review, Journal of African Earth Sciences 93, Tables 2a–2b",Azenak structures,Azenak structures,0.75,0.5 + 1,0.75,False,False,pdf_source_preserved,,True,,
astro_0221,221,Bangweulu Basin,"Reimold & Koeberl (2014), Impact structures in Africa: A review, Journal of African Earth Sciences 93, Tables 2a–2b",Bangweulu Basin,Bangweulu Basin,150.0,150,150.0,False,False,pdf_source_preserved,,True,,
astro_0222,222,Chituli Structure,"Reimold & Koeberl (2014), Impact structures in Africa: A review, Journal of African Earth Sciences 93, Tables 2a–2b",Chituli Structure,Chituli Structure,3.8,3.8,3.8,False,False,pdf_source_preserved,,True,,
astro_0223,223,Foum Teguentour,"Reimold & Koeberl (2014), Impact structures in Africa: A review, Journal of African Earth Sciences 93, Tables 2a–2b",Foum Teguentour,Foum Teguentour,8.0,8,8.0,False,False,pdf_source_preserved,,True,,
astro_0224,224,Gogui,"Reimold & Koeberl (2014), Impact structures in Africa: A review, Journal of African Earth Sciences 93, Tables 2a–2b",Gogui,Gogui,0.55,0.5–0.6,0.55,False,False,pdf_source_preserved,,True,,
astro_0225,225,Highbury,"Reimold & Koeberl (2014), Impact structures in Africa: A review, Journal of African Earth Sciences 93, Tables 2a–2b",Highbury,Highbury,20.0,15–25,20.0,False,False,pdf_source_preserved,,True,,
astro_0226,226,In Ezzane,"Reimold & Koeberl (2014), Impact structures in Africa: A review, Journal of African Earth Sciences 93, Tables 2a–2b",In Ezzane,In Ezzane,6.5,4–9,6.5,False,False,pdf_source_preserved,,True,,
astro_0227,227,Jaraminah,"Reimold & Koeberl (2014), Impact structures in Africa: A review, Journal of African Earth Sciences 93, Tables 2a–2b",Jaraminah,Jaraminah,2.2,2.2,2.2,False,False,pdf_source_preserved,,True,,
astro_0228,228,Karas,"Reimold & Koeberl (2014), Impact structures in Africa: A review, Journal of African Earth Sciences 93, Tables 2a–2b",Karas,Karas,300.0,300,300.0,False,False,pdf_source_preserved,,True,,
astro_0229,229,Kogo,"Reimold & Koeberl (2014), Impact structures in Africa: A review, Journal of African Earth Sciences 93, Tables 2a–2b",Kogo,Kogo,4.7,4.7,4.7,False,False,pdf_source_preserved,,True,,
astro_0230,230,Mékambo,"Reimold & Koeberl (2014), Impact structures in Africa: A review, Journal of African Earth Sciences 93, Tables 2a–2b",Mékambo,Mékambo,50.0,50,50.0,False,False,pdf_source_preserved,,True,,
astro_0231,231,Minkébé,"Reimold & Koeberl (2014), Impact structures in Africa: A review, Journal of African Earth Sciences 93, Tables 2a–2b",Minkébé,Minkébé,90.0,90,90.0,False,False,pdf_source_preserved,,True,,
astro_0232,232,Mora Ring,"Reimold & Koeberl (2014), Impact structures in Africa: A review, Journal of African Earth Sciences 93, Tables 2a–2b",Mora Ring,Mora Ring,7.0,7,7.0,False,False,pdf_source_preserved,,True,,
astro_0233,233,Ntwetwe,"Reimold & Koeberl (2014), Impact structures in Africa: A review, Journal of African Earth Sciences 93, Tables 2a–2b",Ntwetwe,Ntwetwe,7.0,7,7.0,False,False,pdf_source_preserved,,True,,
astro_0234,234,Okavango Delta (Khurunxaraga crater),"Reimold & Koeberl (2014), Impact structures in Africa: A review, Journal of African Earth Sciences 93, Tables 2a–2b",Okavango Delta (Khurunxaraga crater),Okavango Delta (Khurunxaraga crater),0.022,0.022,0.022,False,False,pdf_source_preserved,,True,,
astro_0235,235,Omeonga (Katako-Kombe),"Reimold & Koeberl (2014), Impact structures in Africa: A review, Journal of African Earth Sciences 93, Tables 2a–2b",Omeonga (Katako-Kombe),Omeonga (Katako-Kombe),41.5,38–45,41.5,False,False,pdf_source_preserved,,True,,
astro_0236,236,Oun,"Reimold & Koeberl (2014), Impact structures in Africa: A review, Journal of African Earth Sciences 93, Tables 2a–2b",Oun,Oun,8.0,8,8.0,False,False,pdf_source_preserved,,True,,
astro_0237,237,Reitz structure,"Reimold & Koeberl (2014), Impact structures in Africa: A review, Journal of African Earth Sciences 93, Tables 2a–2b",Reitz structure,Reitz structure,325.0,150–500,325.0,False,False,pdf_source_preserved,,True,,
astro_0238,238,Setlagole,"Reimold & Koeberl (2014), Impact structures in Africa: A review, Journal of African Earth Sciences 93, Tables 2a–2b",Setlagole,Setlagole,27.5,25–30,27.5,False,False,pdf_source_preserved,,True,,
astro_0239,239,Sinamwenda,"Reimold & Koeberl (2014), Impact structures in Africa: A review, Journal of African Earth Sciences 93, Tables 2a–2b",Sinamwenda,Sinamwenda,0.2,0.2,0.2,False,False,pdf_source_preserved,,True,,
astro_0240,240,Temimichat Ghallaman,"Reimold & Koeberl (2014), Impact structures in Africa: A review, Journal of African Earth Sciences 93, Tables 2a–2b",Temimichat Ghallaman,Temimichat Ghallaman,0.7,0.7,0.7,False,False,pdf_source_preserved,,True,,
astro_0241,241,Terhazza,"Reimold & Koeberl (2014), Impact structures in Africa: A review, Journal of African Earth Sciences 93, Tables 2a–2b",Terhazza,Terhazza,1.0,1,1.0,False,False,pdf_source_preserved,,True,,
astro_0242,242,Tigraou,"Reimold & Koeberl (2014), Impact structures in Africa: A review, Journal of African Earth Sciences 93, Tables 2a–2b",Tigraou,Tigraou,1.0,1,1.0,False,False,pdf_source_preserved,,True,,
astro_0243,243,Tongo,"Reimold & Koeberl (2014), Impact structures in Africa: A review, Journal of African Earth Sciences 93, Tables 2a–2b",Tongo,Tongo,11.25,10 × 12.5,11.25,False,False,pdf_source_preserved,,True,,
astro_0244,244,Tmisan,"Reimold & Koeberl (2014), Impact structures in Africa: A review, Journal of African Earth Sciences 93, Tables 2a–2b",Tmisan,Tmisan,3.2,3.2,3.2,False,False,pdf_source_preserved,,True,,
astro_0245,245,Unnamed Okavango Delta geophysical anomaly,"Reimold & Koeberl (2014), Impact structures in Africa: A review, Journal of African Earth Sciences 93, Tables 2a–2b",Unnamed Okavango Delta geophysical anomaly,Unnamed Okavango Delta geophysical anomaly,17.5,15–20,17.5,False,False,pdf_source_preserved,,True,,
astro_0246,246,Unnamed Sudan Di Achille structure,"Reimold & Koeberl (2014), Impact structures in Africa: A review, Journal of African Earth Sciences 93, Tables 2a–2b",Unnamed Sudan Di Achille structure,Unnamed Sudan Di Achille structure,5.75,5.5–6,5.75,False,False,pdf_source_preserved,,True,,
astro_0247,247,Unnamed Sudan Sparavigna 1,"Reimold & Koeberl (2014), Impact structures in Africa: A review, Journal of African Earth Sciences 93, Tables 2a–2b",Unnamed Sudan Sparavigna 1,Unnamed Sudan Sparavigna 1,3.0,3,3.0,False,False,pdf_source_preserved,,True,,
astro_0248,248,Unnamed Sudan Sparavigna 2,"Reimold & Koeberl (2014), Impact structures in Africa: A review, Journal of African Earth Sciences 93, Tables 2a–2b",Unnamed Sudan Sparavigna 2,Unnamed Sudan Sparavigna 2,6.5,6–7,6.5,False,False,pdf_source_preserved,,True,,
astro_0249,249,Unnamed Sudan McNally/Sparavigna,"Reimold & Koeberl (2014), Impact structures in Africa: A review, Journal of African Earth Sciences 93, Tables 2a–2b",Unnamed Sudan McNally/Sparavigna,Unnamed Sudan McNally/Sparavigna,10.0,10,10.0,False,False,pdf_source_preserved,,True,,
astro_0250,250,Unnamed Angola structure,"Reimold & Koeberl (2014), Impact structures in Africa: A review, Journal of African Earth Sciences 93, Tables 2a–2b",Unnamed Angola structure,Unnamed Angola structure,1.0,1.1 × 0.9,1.0,False,False,pdf_source_preserved,,True,,
astro_0251,251,Unnamed (Jebel al Bukrah),"Reimold & Koeberl (2014), Impact structures in Africa: A review, Journal of African Earth Sciences 93, Tables 2a–2b",Unnamed (Jebel al Bukrah),Unnamed (Jebel al Bukrah),5.0,5,5.0,False,False,pdf_source_preserved,,True,,
astro_0252,252,Uri,"Reimold & Koeberl (2014), Impact structures in Africa: A review, Journal of African Earth Sciences 93, Tables 2a–2b",Uri,Uri,5.0,5,5.0,False,False,pdf_source_preserved,,True,,
